nom,famille,masse,A,h,b,tw,tf,r,Iy,Iz,Wely,Wply,Welz,Wplz,iy,iz,Um,iz_tabule,It,Av,Aw
IPE80,IPE,6.0,0.0007639999999999999,0.08,0.046,0.0038,0.005200000000000001,0.005,8.009999999999999e-07,8.5e-08,2e-05,2.32e-05,3.6900000000000002e-06,5.8e-06,0.0324,0.0105,0.328,,6.7e-09,0.000358,0.00028399999999999996
IPE100,IPE,8.1,0.0010299999999999999,0.1,0.055,0.0040999999999999995,0.0057,0.007,1.71e-06,1.59e-07,3.4200000000000005e-05,3.94e-05,5.7900000000000005e-06,9.2e-06,0.04070000000000001,0.012400000000000001,0.4,,1.15e-08,0.000508,0.000387
IPE120,IPE,10.4,0.00132,0.12,0.064,0.0044,0.0063,0.007,3.18e-06,2.77e-07,5.3e-05,6.08e-05,8.65e-06,1.36e-05,0.049,0.0145,0.475,,1.69e-08,0.0006309999999999999,0.0005
IPE140,IPE,12.9,0.00164,0.14,0.073,0.0047,0.006900000000000001,0.007,5.41e-06,4.49e-07,7.730000000000001e-05,8.840000000000001e-05,1.23e-05,1.9200000000000003e-05,0.0574,0.0165,0.551,,2.4e-08,0.0007639999999999999,0.0006259999999999999
IPE160,IPE,15.8,0.00201,0.16,0.082,0.005,0.0074,0.009000000000000001,8.69e-06,6.83e-07,0.000109,0.000124,1.67e-05,2.61e-05,0.0658,0.0184,0.623,,3.53e-08,0.000966,0.000763
IPE180,IPE,18.8,0.0023899999999999998,0.18,0.091,0.0053,0.008,0.009000000000000001,1.3199999999999999e-05,1.01e-06,0.000146,0.00016600000000000002,2.22e-05,3.46e-05,0.0742,0.0205,0.698,,4.72e-08,0.001125,0.0009119999999999999
IPE200,IPE,22.4,0.0028499999999999997,0.2,0.1,0.0056,0.0085,0.012,1.94e-05,1.42e-06,0.000194,0.00022,2.85e-05,4.47e-05,0.08259999999999999,0.0224,0.768,,6.85e-08,0.0014,0.00107
IPE220,IPE,26.2,0.0033399999999999997,0.22,0.11,0.005900000000000001,0.0092,0.012,2.77e-05,2.05e-06,0.000252,0.000286,3.7300000000000005e-05,5.8e-05,0.0911,0.024800000000000003,0.848,,8.98e-08,0.001588,0.00124
IPE240,IPE,30.7,0.003909999999999999,0.24,0.12,0.006200000000000001,0.009800000000000001,0.015,3.89e-05,2.84e-06,0.000324,0.000366,4.7300000000000005e-05,7.400000000000001e-05,0.09970000000000001,0.0269,0.922,,1.2699999999999999e-07,0.001914,0.0014299999999999998
IPE270,IPE,36.1,0.0045899999999999995,0.27,0.135,0.0066,0.010199999999999999,0.015,5.79e-05,4.2e-06,0.000429,0.00048400000000000006,6.220000000000001e-05,9.7e-05,0.112,0.0302,1.04,,1.57e-07,0.002214,0.00171
IPE300,IPE,42.2,0.005379999999999999,0.3,0.15,0.0070999999999999995,0.0107,0.015,8.36e-05,6.04e-06,0.000557,0.0006280000000000001,8.05e-05,0.000125,0.125,0.0335,1.16,,1.98e-07,0.002568,0.0020499999999999997
IPE330,IPE,49.1,0.00626,0.33,0.16,0.0075,0.0115,0.018000000000000002,0.0001177,7.879999999999999e-06,0.0007130000000000001,0.000804,9.850000000000001e-05,0.000154,0.137,0.035500000000000004,1.25,,2.76e-07,0.003081,0.0023899999999999998
IPE360,IPE,57.1,0.0072699999999999996,0.36,0.17,0.008,0.0127,0.018000000000000002,0.0001627,1.04e-05,0.0009040000000000001,0.00102,0.000123,0.000191,0.15,0.037899999999999996,1.35,,3.71e-07,0.0035139999999999998,0.00278
IPE400,IPE,66.3,0.00845,0.4,0.18,0.0086,0.0135,0.021,0.00023129999999999998,1.3199999999999999e-05,0.00116,0.0013100000000000002,0.000146,0.000229,0.165,0.0395,1.47,,5.04e-07,0.004269,0.00332
IPE450,IPE,77.6,0.00988,0.45,0.19,0.0094,0.0146,0.021,0.0003374,1.68e-05,0.0015,0.0017000000000000001,0.00017600000000000002,0.000275,0.185,0.0412,1.61,,6.61e-07,0.005085,0.00409
IPE500,IPE,90.7,0.0116,0.5,0.2,0.010199999999999999,0.016,0.021,0.000482,2.14e-05,0.00193,0.0022,0.00021400000000000002,0.00033600000000000004,0.20400000000000001,0.0431,1.74,,8.86e-07,0.005987,0.00494
IPE550,IPE,106.0,0.013399999999999999,0.55,0.21,0.0111,0.0172,0.024,0.0006711999999999999,2.67e-05,0.0024400000000000003,0.0027800000000000004,0.000254,0.00040100000000000004,0.223,0.0445,1.88,,1.22e-06,0.007234,0.0059099999999999995
IPE600,IPE,122.0,0.0156,0.6,0.22,0.012,0.019,0.024,0.0009207999999999999,3.39e-05,0.0030700000000000002,0.00352,0.000308,0.00048600000000000005,0.243,0.0466,2.02,,1.6499999999999999e-06,0.008378,0.00697
IPE750.137,IPE,137.0,0.017499999999999998,0.753,0.263,0.0115,0.017,0.017,0.001599,5.1699999999999996e-05,0.00425,0.004860000000000001,0.000393,0.0006140000000000001,0.303,0.0544,2.51,,1.36e-06,0.00929,0.008459999999999999
IPE750.147,IPE,147.0,0.018699999999999998,0.753,0.265,0.0132,0.017,0.017,0.001661,5.29e-05,0.00441,0.00511,0.00039900000000000005,0.000631,0.298,0.0531,2.51,,1.57e-06,0.010539999999999999,0.00972
IPE750.173,IPE,173.0,0.022099999999999998,0.762,0.267,0.014400000000000001,0.0216,0.017,0.002058,6.87e-05,0.0054,0.006220000000000001,0.000515,0.0008100000000000001,0.305,0.055700000000000006,2.53,,2.71e-06,0.01164,0.0107
IPE750.196,IPE,196.0,0.025099999999999997,0.77,0.268,0.0156,0.0254,0.017,0.0024029999999999998,8.18e-05,0.006240000000000001,0.00717,0.0006100000000000001,0.0009590000000000001,0.31,0.057100000000000005,2.55,,4.059999999999999e-06,0.01273,0.0116
PEA120,PEA,8.7,0.0010999999999999998,0.11800000000000001,0.064,0.0038,0.0050999999999999995,0.007,2.57e-06,2.24e-07,4.38e-05,4.99e-05,7.000000000000001e-06,1.1000000000000001e-05,0.048299999999999996,0.014199999999999999,0.472,,1.01e-08,0.000542,0.000428
PEA140,PEA,10.5,0.00134,0.137,0.073,0.0038,0.0056,0.007,4.35e-06,3.64e-07,6.330000000000001e-05,7.16e-05,9.980000000000001e-06,1.55e-05,0.057,0.0165,0.547,,1.33e-08,0.00062,0.0005009999999999999
PEA160,PEA,12.7,0.00162,0.157,0.082,0.004,0.005900000000000001,0.009000000000000001,6.89e-06,5.44e-07,8.78e-05,9.920000000000001e-05,1.3300000000000001e-05,2.0700000000000002e-05,0.0653,0.0183,0.619,,1.91e-08,0.00078,0.0006039999999999999
PEA180,PEA,15.4,0.00196,0.177,0.091,0.0043,0.006500000000000001,0.009000000000000001,1.06e-05,8.19e-07,0.00012,0.000135,1.8e-05,2.8000000000000003e-05,0.0737,0.0205,0.694,,2.65e-08,0.0009199999999999999,0.0007329999999999999
PEA200,PEA,18.4,0.00235,0.197,0.1,0.0045000000000000005,0.007,0.012,1.59e-05,1.17e-06,0.000162,0.000181,2.3400000000000003e-05,3.66e-05,0.0823,0.0223,0.764,,4.0199999999999996e-08,0.001147,0.000855
PEA220,PEA,22.2,0.00283,0.217,0.11,0.005,0.0077,0.012,2.3199999999999998e-05,1.71e-06,0.00021400000000000002,0.00024,3.12e-05,4.85e-05,0.0905,0.0246,0.843,,5.59e-08,0.0013549999999999999,0.00105
PEA240,PEA,26.2,0.00333,0.23700000000000002,0.12,0.005200000000000001,0.0083,0.015,3.29e-05,2.4e-06,0.00027800000000000004,0.000312,4e-05,6.25e-05,0.0994,0.0268,0.918,,8.199999999999999e-08,0.0016309999999999999,0.0011899999999999999
PEA270,PEA,30.7,0.00392,0.267,0.135,0.0055,0.0087,0.015,4.9199999999999997e-05,3.58e-06,0.000368,0.00041200000000000004,5.3e-05,8.240000000000001e-05,0.112,0.0302,1.04,,1.01e-07,0.001875,0.00142
PEA300,PEA,36.5,0.00465,0.297,0.15,0.0060999999999999995,0.0092,0.015,7.17e-05,5.19e-06,0.00048300000000000003,0.0005420000000000001,6.92e-05,0.00010700000000000001,0.124,0.0334,1.16,,1.31e-07,0.002225,0.0017599999999999998
PEA330,PEA,43.0,0.00547,0.327,0.16,0.006500000000000001,0.01,0.018000000000000002,0.000102,6.85e-06,0.000626,0.000702,8.560000000000001e-05,0.000133,0.137,0.0354,1.25,,1.9e-07,0.002699,0.0020599999999999998
PEA360,PEA,50.2,0.0063999999999999994,0.357,0.17,0.0066,0.0115,0.018000000000000002,0.000145,9.44e-06,0.000812,0.000906,0.000111,0.000172,0.151,0.0384,1.35,,2.69e-07,0.002972,0.00228
PEA400,PEA,57.4,0.00731,0.397,0.18,0.007,0.012,0.021,0.000203,1.17e-05,0.00102,0.0011400000000000002,0.00013000000000000002,0.000202,0.167,0.04,1.46,,3.5e-07,0.003578,0.0026999999999999997
PEA450,PEA,67.2,0.00856,0.447,0.19,0.0076,0.0131,0.021,0.000298,1.5e-05,0.00133,0.00149,0.00015800000000000002,0.000246,0.186,0.0419,1.6,,4.62e-07,0.004226,0.0033
PEA500,PEA,79.4,0.0101,0.497,0.2,0.008400000000000001,0.0147,0.021,0.00042899999999999997,1.94e-05,0.0017300000000000002,0.0019500000000000001,0.000194,0.000302,0.20600000000000002,0.0438,1.74,,6.36e-07,0.005046999999999999,0.00405
PEA550,PEA,92.1,0.0117,0.547,0.21,0.009000000000000001,0.0157,0.024,0.0006,2.43e-05,0.00219,0.00248,0.000232,0.000362,0.226,0.0455,1.88,,8.79e-07,0.00603,0.0047799999999999995
PEA600,PEA,108.0,0.013699999999999999,0.597,0.22,0.009800000000000001,0.0175,0.024,0.000829,3.12e-05,0.0027800000000000004,0.00314,0.000283,0.000442,0.246,0.047700000000000006,2.01,,1.21e-06,0.007013999999999999,0.00568
INP80,INP,5.94,0.000757,0.08,0.042,0.0039,0.005900000000000001,0.0023,7.799999999999999e-07,6.3e-08,1.95e-05,2.2800000000000002e-05,3e-06,5e-06,0.032,0.0091,0.304,,8.18e-09,0.000341,0.000289
INP100,INP,8.34,0.00106,0.1,0.05,0.0045000000000000005,0.0068,0.0027,1.71e-06,1.22e-07,3.4200000000000005e-05,3.9800000000000005e-05,4.9000000000000005e-06,8.1e-06,0.040100000000000004,0.0107,0.37,,1.51e-08,0.00048499999999999997,0.000419
INP120,INP,11.1,0.00142,0.12,0.058,0.0050999999999999995,0.0077,0.0031000000000000003,3.28e-06,2.15e-07,5.47e-05,6.36e-05,7.4e-06,1.2400000000000002e-05,0.048100000000000004,0.0123,0.439,,2.57e-08,0.000663,0.0005729999999999999
INP140,INP,14.3,0.00182,0.14,0.066,0.0057,0.0086,0.0034,5.73e-06,3.52e-07,8.19e-05,9.54e-05,1.0700000000000001e-05,1.79e-05,0.056100000000000004,0.014,0.502,,4.0999999999999997e-08,0.000865,0.000749
INP160,INP,17.9,0.00228,0.16,0.074,0.0063,0.0095,0.0038,9.35e-06,5.47e-07,0.00011700000000000001,0.000136,1.48e-05,2.4800000000000003e-05,0.064,0.0155,0.575,,6.24e-08,0.00108,0.000948
INP180,INP,21.9,0.00279,0.18,0.082,0.006900000000000001,0.010400000000000001,0.0040999999999999995,1.45e-05,8.13e-07,0.000161,0.00018700000000000002,1.98e-05,3.33e-05,0.07200000000000001,0.0171,0.64,,9.11e-08,0.00134,0.00117
INP200,INP,26.2,0.0033399999999999997,0.2,0.09,0.0075,0.011300000000000001,0.0045000000000000005,2.14e-05,1.17e-06,0.00021400000000000002,0.00025,2.6000000000000002e-05,4.36e-05,0.08,0.0187,0.709,,1.29e-07,0.0015999999999999999,0.00142
INP220,INP,31.1,0.0039499999999999995,0.22,0.098,0.0081,0.012199999999999999,0.004900000000000001,3.06e-05,1.62e-06,0.00027800000000000004,0.000324,3.3100000000000005e-05,5.5700000000000005e-05,0.088,0.0202,0.775,,1.7699999999999998e-07,0.0019099999999999998,0.0016799999999999999
INP240,INP,36.2,0.0046099999999999995,0.24,0.106,0.0087,0.0131,0.005200000000000001,4.2499999999999996e-05,2.21e-06,0.00035400000000000004,0.00041200000000000004,4.1700000000000004e-05,7.000000000000001e-05,0.09590000000000001,0.022,0.844,,2.38e-07,0.0022299999999999998,0.00197
INP260,INP,41.9,0.00533,0.26,0.113,0.0094,0.0141,0.0056,5.74e-05,2.88e-06,0.000442,0.000514,5.1000000000000006e-05,8.59e-05,0.10400000000000001,0.0232,0.906,,3.18e-07,0.00261,0.00231
INP280,INP,47.9,0.0060999999999999995,0.28,0.11900000000000001,0.0101,0.0152,0.0060999999999999995,7.59e-05,3.64e-06,0.0005420000000000001,0.0006320000000000001,6.120000000000001e-05,0.00010300000000000001,0.111,0.0245,0.966,,4.2e-07,0.0030199999999999997,0.00267
INP300,INP,54.2,0.0069,0.3,0.125,0.0108,0.0162,0.006500000000000001,9.8e-05,4.51e-06,0.000653,0.0007620000000000001,7.22e-05,0.00012200000000000001,0.11900000000000001,0.0256,1.03,,5.37e-07,0.00346,0.00307
INP320,INP,61.0,0.00777,0.32,0.131,0.0115,0.0173,0.006900000000000001,0.0001251,5.55e-06,0.000782,0.0009140000000000001,8.47e-05,0.000143,0.127,0.0267,1.09,,6.85e-07,0.0039299999999999995,0.00348
INP340,INP,68.0,0.008669999999999999,0.34,0.137,0.012199999999999999,0.0183,0.0073,0.000157,6.74e-06,0.0009230000000000001,0.00108,9.84e-05,0.00016600000000000002,0.135,0.028,1.15,,8.53e-07,0.00443,0.00392
INP360,INP,76.1,0.0097,0.36,0.14300000000000002,0.013000000000000001,0.0195,0.0078,0.0001961,8.18e-06,0.00109,0.00128,0.000114,0.000194,0.14200000000000002,0.029,1.21,,1.08e-06,0.005,0.00443
INP380,INP,84.0,0.0107,0.38,0.149,0.0137,0.0205,0.008199999999999999,0.0002401,9.75e-06,0.00126,0.0014800000000000002,0.000131,0.000222,0.15,0.0302,1.27,,1.31e-06,0.00556,0.0049299999999999995
INP400,INP,92.4,0.0118,0.4,0.155,0.014400000000000001,0.0216,0.0086,0.0002921,1.1599999999999999e-05,0.0014600000000000001,0.0017100000000000001,0.00014900000000000002,0.000254,0.157,0.0313,1.33,,1.6e-06,0.00617,0.00545
INP450,INP,115.0,0.0147,0.45,0.17,0.0162,0.024300000000000002,0.0097,0.0004585,1.73e-05,0.00204,0.0024000000000000002,0.000203,0.00034500000000000004,0.177,0.0343,1.48,,2.51e-06,0.00778,0.0069
INP500,INP,141.0,0.0179,0.5,0.185,0.018000000000000002,0.027,0.0108,0.0006874,2.48e-05,0.0027500000000000003,0.0032400000000000003,0.000268,0.000456,0.196,0.037200000000000004,1.63,,3.75e-06,0.009559999999999999,0.00851
INP550,INP,166.0,0.0212,0.55,0.2,0.019,0.03,0.0119,0.0009918,3.49e-05,0.0036100000000000004,0.00424,0.000349,0.0005920000000000001,0.216,0.04020000000000001,1.8,,5.91e-06,0.011099999999999999,0.00988
HEA100,HEA,16.7,0.00212,0.096,0.1,0.005,0.008,0.012,3.49e-06,1.3399999999999999e-06,7.3e-05,8.300000000000001e-05,2.68e-05,4.1200000000000005e-05,0.040600000000000004,0.0251,0.561,,5.1999999999999996e-08,0.0007559999999999999,0.00043999999999999996
HEA120,HEA,19.9,0.0025299999999999997,0.114,0.12,0.005,0.008,0.012,6.06e-06,2.31e-06,0.000106,0.000119,3.85e-05,5.89e-05,0.0489,0.0302,0.677,,5.96e-08,0.000846,0.00053
HEA140,HEA,24.7,0.00314,0.133,0.14,0.0055,0.0085,0.012,1.03e-05,3.89e-06,0.000155,0.000173,5.56e-05,8.47e-05,0.0573,0.0352,0.794,,8.03e-08,0.0010119999999999999,0.000685
HEA160,HEA,30.4,0.0038799999999999998,0.152,0.16,0.006,0.009000000000000001,0.015,1.67e-05,6.1599999999999995e-06,0.00022,0.000246,7.69e-05,0.00011800000000000001,0.06570000000000001,0.039799999999999995,0.906,,1.18e-07,0.001321,0.0008579999999999999
HEA180,HEA,35.5,0.00453,0.171,0.18,0.006,0.0095,0.015,2.51e-05,9.25e-06,0.00029400000000000004,0.000324,0.00010300000000000001,0.00015700000000000002,0.0745,0.045200000000000004,1.02,,1.47e-07,0.001447,0.0009689999999999999
HEA200,HEA,42.3,0.005379999999999999,0.19,0.2,0.006500000000000001,0.01,0.018000000000000002,3.69e-05,1.34e-05,0.000389,0.00043000000000000004,0.000134,0.00020400000000000003,0.0828,0.0498,1.14,,2.04e-07,0.001808,0.00117
HEA220,HEA,50.5,0.00643,0.21,0.22,0.007,0.011,0.018000000000000002,5.41e-05,1.95e-05,0.000515,0.000568,0.00017800000000000002,0.00027100000000000003,0.0917,0.0551,1.26,,2.81e-07,0.002067,0.00139
HEA240,HEA,60.3,0.007679999999999999,0.23,0.24,0.0075,0.012,0.021,7.76e-05,2.77e-05,0.000675,0.0007440000000000001,0.000231,0.00035200000000000005,0.101,0.06,1.37,,4.1e-07,0.002518,0.00164
HEA260,HEA,68.2,0.00868,0.25,0.26,0.0075,0.0125,0.024,0.00010449999999999999,3.67e-05,0.000836,0.00092,0.000282,0.00043000000000000004,0.11,0.065,1.48,,5.2e-07,0.002876,0.00178
HEA280,HEA,76.4,0.009729999999999999,0.27,0.28,0.008,0.013000000000000001,0.024,0.0001367,4.76e-05,0.00101,0.00111,0.00034,0.000518,0.11900000000000001,0.07,1.6,,6.14e-07,0.0031739999999999997,0.0020599999999999998
HEA300,HEA,88.3,0.0113,0.29,0.3,0.0085,0.014,0.027,0.0001826,6.31e-05,0.00126,0.0013800000000000002,0.00042100000000000004,0.000642,0.127,0.07490000000000001,1.72,,8.419999999999999e-07,0.003728,0.00235
HEA320,HEA,97.6,0.0124,0.31,0.3,0.009000000000000001,0.0155,0.027,0.0002293,6.99e-05,0.0014800000000000002,0.0016300000000000002,0.00046600000000000005,0.00071,0.136,0.07490000000000001,1.76,,1.09e-06,0.0041129999999999995,0.00265
HEA340,HEA,105.0,0.0133,0.33,0.3,0.0095,0.0165,0.027,0.0002769,7.439999999999999e-05,0.00168,0.00185,0.000496,0.000756,0.14400000000000002,0.0746,1.79,,1.29e-06,0.004495,0.00298
HEA360,HEA,112.0,0.0143,0.35000000000000003,0.3,0.01,0.0175,0.027,0.0003309,7.89e-05,0.0018900000000000002,0.0020800000000000003,0.000526,0.000803,0.152,0.0743,1.83,,1.51e-06,0.004896,0.00332
HEA400,HEA,125.0,0.0159,0.39,0.3,0.011,0.019,0.027,0.0004507,8.56e-05,0.00231,0.00256,0.000571,0.0008730000000000001,0.168,0.0734,1.91,,1.91e-06,0.005732999999999999,0.004079999999999999
HEA450,HEA,140.0,0.0178,0.44,0.3,0.0115,0.021,0.027,0.0006372,9.47e-05,0.0029000000000000002,0.00322,0.000631,0.0009660000000000001,0.189,0.0729,2.01,,2.49e-06,0.006578,0.00482
HEA500,HEA,155.0,0.019799999999999998,0.49,0.3,0.012,0.023,0.027,0.0008696999999999999,0.0001037,0.00355,0.00394,0.000691,0.00106,0.21,0.0724,2.11,,3.18e-06,0.0074719999999999995,0.0056
HEA550,HEA,166.0,0.0212,0.54,0.3,0.0125,0.024,0.027,0.001119,0.0001082,0.00415,0.00462,0.0007210000000000001,0.00111,0.23,0.07150000000000001,2.21,,3.6099999999999997e-06,0.008372,0.00645
HEA600,HEA,178.0,0.0226,0.59,0.3,0.013000000000000001,0.025,0.027,0.001412,0.0001127,0.00479,0.00536,0.000751,0.00116,0.25,0.07050000000000001,2.31,,4.08e-06,0.009321,0.007339999999999999
HEA650,HEA,190.0,0.0242,0.64,0.3,0.0135,0.026000000000000002,0.027,0.0017519999999999999,0.0001172,0.00547,0.0061400000000000005,0.000782,0.0012000000000000001,0.269,0.0697,2.41,,4.59e-06,0.01032,0.008289999999999999
HEA700,HEA,204.0,0.026,0.6900000000000001,0.3,0.0145,0.027,0.027,0.002153,0.00012179999999999999,0.006240000000000001,0.00704,0.000812,0.00126,0.28800000000000003,0.0684,2.5,,5.23e-06,0.0117,0.009609999999999999
HEA800,HEA,224.0,0.0286,0.79,0.3,0.015,0.028,0.03,0.003034,0.0001264,0.00768,0.008700000000000001,0.000843,0.0013100000000000002,0.326,0.0665,2.7,,6.1e-06,0.01388,0.011399999999999999
HEA900,HEA,252.0,0.0321,0.89,0.3,0.016,0.03,0.03,0.004221,0.0001355,0.00948,0.0108,0.000903,0.00142,0.363,0.065,2.9,,7.51e-06,0.01633,0.0138
HEA1000,HEA,272.0,0.0347,0.99,0.3,0.0165,0.031,0.03,0.0055379999999999995,0.00014,0.01119,0.0128,0.000934,0.0014700000000000002,0.4,0.0635,3.1,,8.37e-06,0.01846,0.015799999999999998
HEB100,HEB,20.4,0.0026,0.1,0.1,0.006,0.01,0.012,4.5e-06,1.6699999999999999e-06,9e-05,0.00010400000000000001,3.3e-05,5.1000000000000006e-05,0.041600000000000005,0.0253,0.567,,9.309999999999999e-08,0.000904,0.00054
HEB120,HEB,26.7,0.0034,0.12,0.12,0.006500000000000001,0.011,0.012,8.64e-06,3.18e-06,0.000144,0.000165,5.3e-05,8.1e-05,0.0504,0.030600000000000002,0.686,,1.39e-07,0.001096,0.000708
HEB140,HEB,33.7,0.0043,0.14,0.14,0.007,0.012,0.012,1.51e-05,5.5e-06,0.00021600000000000002,0.000246,7.900000000000001e-05,0.00012,0.0593,0.0358,0.805,,2.02e-07,0.001308,0.000896
HEB160,HEB,42.6,0.00543,0.16,0.16,0.008,0.013000000000000001,0.015,2.49e-05,8.89e-06,0.000311,0.00035400000000000004,0.000111,0.00017,0.0678,0.0405,0.918,,3.12e-07,0.001759,0.0011799999999999998
HEB180,HEB,51.2,0.006529999999999999,0.18,0.18,0.0085,0.014,0.015,3.83e-05,1.36e-05,0.000426,0.000482,0.000151,0.000231,0.0766,0.045700000000000005,1.04,,4.22e-07,0.0020239999999999998,0.00141
HEB200,HEB,61.3,0.007809999999999999,0.2,0.2,0.009000000000000001,0.015,0.018000000000000002,5.6999999999999996e-05,1.9999999999999998e-05,0.0005700000000000001,0.000642,0.0002,0.000306,0.0854,0.0507,1.15,,5.96e-07,0.002483,0.00166
HEB220,HEB,71.5,0.0091,0.22,0.22,0.0095,0.016,0.018000000000000002,8.09e-05,2.84e-05,0.000736,0.0008280000000000001,0.00025800000000000004,0.00039400000000000004,0.0943,0.0559,1.27,,7.699999999999999e-07,0.0027919999999999998,0.0019399999999999999
HEB240,HEB,83.2,0.0106,0.24,0.24,0.01,0.017,0.021,0.0001126,3.92e-05,0.000938,0.0010500000000000002,0.00032700000000000003,0.000499,0.10300000000000001,0.0608,1.38,,1.04e-06,0.003323,0.0022299999999999998
HEB260,HEB,93.0,0.0118,0.26,0.26,0.01,0.0175,0.024,0.0001492,5.13e-05,0.00115,0.00128,0.000395,0.000603,0.112,0.0658,1.5,,1.26e-06,0.0037589999999999998,0.00242
HEB280,HEB,103.0,0.013099999999999999,0.28,0.28,0.0105,0.018000000000000002,0.024,0.0001927,6.59e-05,0.0013800000000000002,0.0015300000000000001,0.000471,0.000718,0.121,0.0709,1.62,,1.4499999999999999e-06,0.004109,0.00275
HEB300,HEB,117.0,0.0149,0.3,0.3,0.011,0.019,0.027,0.0002517,8.56e-05,0.00168,0.0018700000000000001,0.000571,0.000871,0.13,0.07579999999999999,1.73,,1.8699999999999999e-06,0.004743,0.00309
HEB320,HEB,127.0,0.0161,0.32,0.3,0.0115,0.0205,0.027,0.0003082,9.24e-05,0.00193,0.00214,0.000616,0.0009400000000000001,0.138,0.0757,1.77,,2.29e-06,0.005177,0.00344
HEB340,HEB,134.0,0.0171,0.34,0.3,0.012,0.021500000000000002,0.027,0.00036659999999999997,9.69e-05,0.00216,0.0024000000000000002,0.0006460000000000001,0.0009860000000000001,0.146,0.07529999999999999,1.81,,2.62e-06,0.005608999999999999,0.0038199999999999996
HEB360,HEB,142.0,0.018099999999999998,0.36,0.3,0.0125,0.0225,0.027,0.0004319,0.000101,0.0024000000000000002,0.00268,0.0006760000000000001,0.00103,0.155,0.07490000000000001,1.85,,2.98e-06,0.006059999999999999,0.00422
HEB400,HEB,155.0,0.019799999999999998,0.4,0.3,0.0135,0.024,0.027,0.0005768,0.000108,0.00288,0.0032400000000000003,0.0007210000000000001,0.0011,0.171,0.074,1.93,,3.6099999999999997e-06,0.006998,0.0050799999999999994
HEB450,HEB,171.0,0.0218,0.45,0.3,0.014,0.026000000000000002,0.027,0.0007989,0.000117,0.00355,0.00398,0.000781,0.0012000000000000001,0.191,0.0733,2.03,,4.49e-06,0.007965999999999999,0.00594
HEB500,HEB,187.0,0.023899999999999998,0.5,0.3,0.0145,0.028,0.027,0.001072,0.000126,0.00429,0.0048200000000000005,0.0008420000000000001,0.0012900000000000001,0.212,0.0727,2.12,,5.5e-06,0.008982,0.00684
HEB550,HEB,199.0,0.0254,0.55,0.3,0.015,0.029,0.027,0.001367,0.00013099999999999999,0.0049700000000000005,0.0056,0.000872,0.00134,0.232,0.0717,2.22,,6.12e-06,0.01001,0.007819999999999999
HEB600,HEB,212.0,0.027,0.6,0.3,0.0155,0.03,0.027,0.00171,0.000135,0.0057,0.00642,0.000902,0.0013900000000000002,0.252,0.0708,2.32,,6.8e-06,0.01108,0.008839999999999999
HEB650,HEB,225.0,0.0286,0.65,0.3,0.016,0.031,0.027,0.002106,0.00014,0.0064800000000000005,0.00732,0.0009320000000000001,0.00144,0.271,0.0699,2.42,,7.52e-06,0.012199999999999999,0.009899999999999999
HEB700,HEB,241.0,0.0306,0.7000000000000001,0.3,0.017,0.032,0.027,0.002569,0.000144,0.00734,0.008320000000000001,0.0009630000000000001,0.00149,0.29,0.06870000000000001,2.52,,8.419999999999999e-06,0.01371,0.011399999999999999
HEB800,HEB,262.0,0.0334,0.8,0.3,0.0175,0.033,0.03,0.003591,0.000149,0.00898,0.01022,0.000994,0.0015500000000000002,0.328,0.0668,2.71,,9.62e-06,0.01618,0.013399999999999999
HEB900,HEB,291.0,0.0371,0.9,0.3,0.0185,0.035,0.03,0.004941,0.000158,0.01098,0.012580000000000001,0.0010500000000000002,0.00166,0.365,0.0653,2.91,,1.15e-05,0.018879999999999997,0.016
HEB1000,HEB,314.0,0.04,1.0,0.3,0.019,0.036000000000000004,0.03,0.006447,0.000163,0.01289,0.014860000000000002,0.00109,0.0017100000000000001,0.401,0.0638,3.11,,1.27e-05,0.021249999999999998,0.0183
HEM100,HEM,41.8,0.00532,0.12,0.106,0.012,0.02,0.012,1.14e-05,3.99e-06,0.00019,0.00023600000000000002,7.500000000000001e-05,0.000116,0.0463,0.0274,0.619,,6.73e-07,0.0018039999999999998,0.0012
HEM120,HEM,52.1,0.00664,0.14,0.126,0.0125,0.021,0.012,2.02e-05,7.03e-06,0.000288,0.00035,0.00011200000000000001,0.000171,0.0551,0.0325,0.738,,9.05e-07,0.0021149999999999997,0.00149
HEM140,HEM,63.2,0.00806,0.16,0.146,0.013000000000000001,0.022,0.012,3.29e-05,1.14e-05,0.000411,0.0004940000000000001,0.00015700000000000002,0.00024,0.0639,0.037700000000000004,0.857,,1.19e-06,0.002446,0.00179
HEM160,HEM,76.2,0.00971,0.18,0.166,0.014,0.023,0.015,5.1e-05,1.76e-05,0.000566,0.000674,0.000212,0.000324,0.0725,0.0426,0.97,,1.61e-06,0.003081,0.0021999999999999997
HEM180,HEM,88.9,0.0113,0.2,0.186,0.0145,0.024,0.015,7.48e-05,2.58e-05,0.0007480000000000001,0.000884,0.000277,0.000424,0.0813,0.047700000000000006,1.09,,2.01e-06,0.0034649999999999998,0.0025499999999999997
HEM200,HEM,103.0,0.013099999999999999,0.22,0.20600000000000002,0.015,0.025,0.018000000000000002,0.0001064,3.65e-05,0.0009670000000000001,0.0011400000000000002,0.00035400000000000004,0.000541,0.09,0.052700000000000004,1.2,,2.58e-06,0.004103,0.00292
HEM220,HEM,117.0,0.0149,0.24,0.226,0.0155,0.026000000000000002,0.018000000000000002,0.000146,5.01e-05,0.0012200000000000002,0.00142,0.000444,0.0006770000000000001,0.0989,0.0579,1.32,,3.14e-06,0.0045309999999999994,0.00332
HEM240,HEM,157.0,0.02,0.27,0.248,0.018000000000000002,0.032,0.021,0.0002429,8.15e-05,0.0018000000000000002,0.00212,0.000657,0.001,0.11,0.0639,1.46,,6.27e-06,0.006006999999999999,0.00428
HEM260,HEM,172.0,0.022,0.29,0.268,0.018000000000000002,0.0325,0.024,0.00031309999999999997,0.00010449999999999999,0.00216,0.00252,0.0007800000000000001,0.00119,0.11900000000000001,0.069,1.57,,7.2199999999999995e-06,0.006689,0.00464
HEM280,HEM,189.0,0.024,0.31,0.28800000000000003,0.0185,0.033,0.024,0.0003955,0.0001316,0.00255,0.0029600000000000004,0.0009140000000000001,0.0013900000000000002,0.128,0.074,1.69,,8.09e-06,0.007202999999999999,0.0051199999999999996
HEM300,HEM,238.0,0.030299999999999997,0.34,0.31,0.021,0.039,0.027,0.000592,0.000194,0.00348,0.00408,0.00125,0.00191,0.14,0.08,1.83,,1.41e-05,0.009053,0.00632
HEM320,HEM,245.0,0.0312,0.359,0.309,0.021,0.04,0.027,0.0006813,0.0001971,0.0038000000000000004,0.00444,0.00128,0.00194,0.148,0.0795,1.87,,1.51e-05,0.009485,0.006699999999999999
HEM340,HEM,248.0,0.031599999999999996,0.377,0.309,0.021,0.04,0.027,0.0007637,0.0001971,0.004050000000000001,0.00472,0.00128,0.0019500000000000001,0.156,0.079,1.9,,1.52e-05,0.009863,0.0070799999999999995
HEM360,HEM,250.0,0.0319,0.395,0.308,0.021,0.04,0.027,0.0008487,0.0001952,0.0043,0.00498,0.00127,0.00194,0.163,0.0783,1.93,,1.52e-05,0.010239999999999999,0.00746
HEM400,HEM,256.0,0.0326,0.432,0.307,0.021,0.04,0.027,0.001041,0.0001933,0.0048200000000000005,0.005580000000000001,0.00126,0.00193,0.179,0.077,2.0,,1.52e-05,0.01102,0.00823
HEM450,HEM,263.0,0.033499999999999995,0.47800000000000004,0.307,0.021,0.04,0.027,0.001315,0.00019339999999999998,0.0055000000000000005,0.00634,0.00126,0.00193,0.198,0.07590000000000001,2.1,,1.5399999999999998e-05,0.01198,0.0092
HEM500,HEM,270.0,0.0344,0.524,0.306,0.021,0.04,0.027,0.001619,0.0001915,0.006180000000000001,0.0071,0.00125,0.00193,0.217,0.0746,2.18,,1.55e-05,0.01295,0.010199999999999999
HEM550,HEM,278.0,0.0354,0.5720000000000001,0.306,0.021,0.04,0.027,0.00198,0.0001916,0.006920000000000001,0.007940000000000001,0.00125,0.00193,0.23600000000000002,0.0735,2.28,,1.56e-05,0.01396,0.0112
HEM600,HEM,285.0,0.0364,0.62,0.305,0.021,0.04,0.027,0.002374,0.0001897,0.00766,0.008780000000000001,0.00124,0.00193,0.256,0.0722,2.37,,1.57e-05,0.014969999999999999,0.012199999999999999
HEM650,HEM,293.0,0.037399999999999996,0.668,0.305,0.021,0.04,0.027,0.002817,0.0001898,0.00843,0.00966,0.00124,0.00193,0.275,0.0713,2.47,,1.59e-05,0.015969999999999998,0.0132
HEM700,HEM,301.0,0.0383,0.716,0.304,0.021,0.04,0.027,0.003293,0.000188,0.0092,0.0105,0.00124,0.00192,0.293,0.0701,2.56,,1.6e-05,0.01698,0.014199999999999999
HEM800,HEM,317.0,0.0404,0.8140000000000001,0.303,0.021,0.04,0.03,0.004426,0.0001863,0.010870000000000001,0.0125,0.00123,0.00192,0.331,0.0679,2.75,,1.66e-05,0.01943,0.0163
HEM900,HEM,333.0,0.0424,0.91,0.302,0.021,0.04,0.03,0.005704,0.00018449999999999999,0.01254,0.014400000000000001,0.0012200000000000002,0.00192,0.367,0.066,2.93,,1.69e-05,0.02144,0.0183
HEM1000,HEM,349.0,0.044399999999999995,1.008,0.302,0.021,0.04,0.03,0.007223,0.0001846,0.01433,0.0166,0.0012200000000000002,0.00193,0.403,0.0645,3.13,,1.72e-05,0.0235,0.0203
HHD260.54,HHD,54.0,0.0069,0.244,0.26,0.006500000000000001,0.0095,0.024,7.981e-05,2.788e-05,0.0006540000000000001,0.000715,0.00021500000000000002,0.000328,0.108,0.0636,1.47,,3.03e-07,0.0024749999999999998,0.00153
HHD260.114,HHD,114.0,0.0146,0.268,0.262,0.0125,0.021500000000000002,0.024,0.0001891,6.456e-05,0.00141,0.0016,0.0004930000000000001,0.0007530000000000001,0.114,0.06659999999999999,1.52,,2.22e-06,0.004608,0.00309
HHD260.142,HHD,142.0,0.018,0.278,0.265,0.0155,0.0265,0.024,0.0002433,8.236e-05,0.00175,0.00201,0.000622,0.000951,0.116,0.0676,1.54,,4.07e-06,0.005665,0.003909999999999999
HHD320.74,HHD,74.0,0.00946,0.301,0.3,0.008,0.011,0.027,0.0001645,4.559e-05,0.00109,0.0012000000000000001,0.000331,0.000506,0.132,0.0724,1.74,,5.59e-07,0.0035399999999999997,0.00232
HHD320.158,HHD,158.0,0.0201,0.33,0.303,0.0145,0.025500000000000002,0.027,0.0003964,0.00011839999999999999,0.0024000000000000002,0.00272,0.000782,0.00119,0.14,0.0767,1.8,,4.2099999999999995e-06,0.006418,0.0044199999999999995
HHD320.198,HHD,198.0,0.0252,0.343,0.306,0.018000000000000002,0.032,0.027,0.000519,0.0001531,0.00303,0.00348,0.001,0.0015300000000000001,0.14300000000000002,0.07790000000000001,1.83,,8.050000000000001e-06,0.007951999999999999,0.0056
HHD360.134,HHD,134.0,0.0171,0.356,0.369,0.0112,0.018000000000000002,0.015,0.0004151,0.0001508,0.00233,0.00256,0.000817,0.00124,0.156,0.094,2.14,,1.69e-06,0.004519,0.00379
HHD360.147,HHD,147.0,0.0188,0.36,0.37,0.0123,0.0198,0.015,0.0004629,0.0001672,0.0025700000000000002,0.00284,0.0009040000000000001,0.0013700000000000001,0.157,0.0943,2.15,,2.24e-06,0.004972,0.00418
HHD360.162,HHD,162.0,0.0206,0.364,0.371,0.013300000000000001,0.0218,0.015,0.0005154,0.00018559999999999998,0.00283,0.00314,0.001,0.00152,0.158,0.09490000000000001,2.16,,2.96e-06,0.005398,0.00455
HHD360.179,HHD,179.0,0.022799999999999997,0.368,0.373,0.015,0.023899999999999998,0.015,0.0005744,0.00020679999999999999,0.0031200000000000004,0.00348,0.00111,0.00168,0.159,0.0952,2.17,,3.9399999999999995e-06,0.006072,0.00516
HHD360.196,HHD,196.0,0.024999999999999998,0.372,0.374,0.016399999999999998,0.0262,0.015,0.0006363,0.0002286,0.0034200000000000003,0.00384,0.0012200000000000002,0.00186,0.159,0.09559999999999999,2.18,,5.17e-06,0.00665,0.00567
HHD400.187,HHD,187.0,0.023799999999999998,0.368,0.391,0.015,0.024,0.015,0.0006018,0.0002392,0.0032700000000000003,0.0036400000000000004,0.0012200000000000002,0.00185,0.159,0.1,2.24,,4.15e-06,0.006072999999999999,0.00516
HHD400.216,HHD,216.0,0.0275,0.375,0.394,0.0173,0.0277,0.015,0.0007113999999999999,0.0002825,0.0037900000000000004,0.00426,0.00143,0.00218,0.161,0.101,2.27,,6.37e-06,0.007032,0.00601
HHD400.237,HHD,237.0,0.0301,0.38,0.395,0.0189,0.0302,0.015,0.0007878,0.0003104,0.00415,0.004690000000000001,0.00157,0.00239,0.162,0.10200000000000001,2.28,,8.26e-06,0.00771,0.0066099999999999996
HHD400.262,HHD,262.0,0.0334,0.387,0.398,0.0211,0.033299999999999996,0.015,0.0008941,0.0003502,0.00462,0.00526,0.00176,0.00268,0.164,0.10200000000000001,2.3,,1.12e-05,0.008655,0.00746
HHD400.287,HHD,287.0,0.0366,0.393,0.399,0.022600000000000002,0.0366,0.015,0.0009971,0.0003878,0.005070000000000001,0.00581,0.00194,0.0029600000000000004,0.165,0.10300000000000001,2.31,,1.4599999999999999e-05,0.009346,0.00805
HHD400.314,HHD,314.0,0.04,0.399,0.401,0.0249,0.0396,0.015,0.001102,0.000426,0.00553,0.006370000000000001,0.00213,0.0032400000000000003,0.166,0.10300000000000001,2.33,,1.87e-05,0.010329999999999999,0.00895
HHD400.347,HHD,347.0,0.044199999999999996,0.40700000000000003,0.404,0.0272,0.0437,0.015,0.001249,0.0004809,0.0061400000000000005,0.0071400000000000005,0.00238,0.0036300000000000004,0.168,0.10400000000000001,2.35,,2.51e-05,0.011389999999999999,0.00988
HHD400.382,HHD,382.0,0.048799999999999996,0.41600000000000004,0.406,0.0298,0.048,0.015,0.001413,0.0005362,0.00679,0.00797,0.00264,0.004030000000000001,0.17,0.105,2.37,,3.3299999999999996e-05,0.0126,0.011
HHD400.421,HHD,421.0,0.0537,0.425,0.40900000000000003,0.032799999999999996,0.0526,0.015,0.001596,0.0006008,0.00751,0.00888,0.0029400000000000003,0.00449,0.17200000000000001,0.106,2.39,,4.4e-05,0.013989999999999999,0.012199999999999999
HHD400.463,HHD,463.0,0.059,0.435,0.41200000000000003,0.0358,0.0574,0.015,0.001802,0.0006704,0.008280000000000001,0.00988,0.0032500000000000003,0.00498,0.17500000000000002,0.107,2.42,,5.74e-05,0.01543,0.0135
HHD400.509,HHD,509.0,0.0652,0.446,0.41600000000000004,0.0391,0.0627,0.015,0.002045,0.000754,0.009170000000000001,0.011000000000000001,0.0036300000000000004,0.00555,0.178,0.108,2.45,,7.51e-05,0.01706,0.015
HHD400.551,HHD,551.0,0.0703,0.455,0.418,0.042,0.0676,0.015,0.002261,0.0008248999999999999,0.009940000000000001,0.012100000000000001,0.00395,0.006050000000000001,0.18,0.108,2.47,,9.41e-05,0.01849,0.0163
HHD400.592,HHD,592.0,0.0755,0.465,0.421,0.045,0.0723,0.015,0.002502,0.0009017,0.0108,0.0131,0.00428,0.00657,0.182,0.109,2.5,,0.000116,0.02003,0.0177
HHD400.634,HHD,634.0,0.08059999999999999,0.47400000000000003,0.424,0.0476,0.0771,0.015,0.002742,0.0009825,0.011600000000000001,0.0142,0.0046300000000000004,0.0071200000000000005,0.184,0.11,2.52,,0.00014,0.0214,0.0189
HHD400.677,HHD,677.0,0.0865,0.483,0.428,0.0512,0.0815,0.015,0.002995,0.001069,0.012400000000000001,0.0154,0.0049900000000000005,0.00768,0.186,0.111,2.55,,0.000168,0.0232,0.0206
HHD400.744,HHD,744.0,0.0948,0.498,0.432,0.055600000000000004,0.0889,0.015,0.003421,0.001199,0.0137,0.0172,0.00555,0.00855,0.19,0.112,2.59,,0.00021799999999999999,0.025609999999999997,0.022699999999999998
HHD400.818,HHD,818.0,0.105,0.514,0.437,0.0605,0.097,0.015,0.003922,0.0013549999999999999,0.015300000000000001,0.0193,0.006200000000000001,0.00956,0.194,0.114,2.63,,0.000285,0.028329999999999998,0.0252
HHD400.900,HHD,900.0,0.11499999999999999,0.531,0.442,0.0659,0.106,0.015,0.004502,0.001533,0.017,0.0216,0.006940000000000001,0.010700000000000001,0.198,0.115,2.67,,0.000374,0.03138,0.027999999999999997
HHD400.990,HHD,990.0,0.126,0.55,0.448,0.0719,0.115,0.015,0.005189,0.0017339999999999999,0.0189,0.024300000000000002,0.00774,0.012,0.203,0.117,2.72,,0.000482,0.03492,0.0313
HHD400.1086,HHD,1086.0,0.13899999999999998,0.5690000000000001,0.454,0.078,0.125,0.015,0.005957,0.0019619999999999998,0.020900000000000002,0.027200000000000002,0.00865,0.0134,0.20700000000000002,0.11900000000000001,2.77,,0.000623,0.02958,0.0346
HL1000x,HL,296.0,0.0377,0.982,0.4,0.0165,0.027,0.03,0.006187,0.0002885,0.0126,0.0142,0.00144,0.00223,0.405,0.08750000000000001,3.48,,7.5699999999999995e-06,0.01815,0.015799999999999998
HL1000A,HL,321.0,0.0409,0.99,0.4,0.0165,0.031,0.03,0.006964,0.0003312,0.014100000000000001,0.0158,0.00166,0.00256,0.41300000000000003,0.09,3.5,,1.04e-05,0.01846,0.015799999999999998
HL1000B,HL,371.0,0.0472,1.0,0.4,0.019,0.036000000000000004,0.03,0.008121,0.0003848,0.016200000000000003,0.0183,0.00192,0.00298,0.41500000000000004,0.0903,3.51,,1.58e-05,0.021249999999999998,0.0183
HL1000M,HL,412.0,0.052399999999999995,1.008,0.402,0.021,0.04,0.03,0.009098,0.0004341,0.018000000000000002,0.0204,0.00216,0.00335,0.417,0.091,3.53,,2.15e-05,0.0235,0.0203
HL1100A,HL,343.0,0.0436,1.09,0.4,0.018000000000000002,0.031,0.02,0.008674,0.0003312,0.0159,0.0181,0.00166,0.0025700000000000002,0.446,0.0871,3.71,,1.03e-05,0.020649999999999998,0.0191
HL1100B,HL,390.0,0.0497,1.1,0.4,0.02,0.036000000000000004,0.02,0.01005,0.0003848,0.0183,0.020800000000000003,0.00192,0.00299,0.45,0.088,3.73,,1.56e-05,0.02306,0.0213
HL1100M,HL,433.0,0.055099999999999996,1.108,0.402,0.022,0.04,0.02,0.01126,0.0004341,0.020300000000000002,0.023200000000000002,0.00216,0.00336,0.452,0.0887,3.75,,2.12e-05,0.025439999999999997,0.0235
HL1100R,HL,499.0,0.0635,1.118,0.405,0.026000000000000002,0.045,0.02,0.01294,0.0004998,0.023200000000000002,0.026600000000000002,0.00247,0.00387,0.451,0.0887,3.77,,3.11e-05,0.030039999999999997,0.027899999999999998
RRW 40/40/3,RRW,3.409591901220148,0.0004343429173528851,0.04,0.04,0.003,0.003,0.006,9.775047025146576e-08,9.775047025146576e-08,4.887523512573289e-06,5.969976719793182e-06,4.887523512573289e-06,5.969976719793182e-06,0.015001789097650715,0.015001789097650715,0.15227433388230813,0.015001789097650715,,,
RRW 40/40/3.2,RRW,3.6114112298327017,0.00046005238596594927,0.04,0.04,0.0032,0.0032,0.0064,1.0229660103439171e-07,1.0229660103439171e-07,5.114830051719587e-06,6.2837774540521785e-06,5.114830051719587e-06,6.2837774540521785e-06,0.014911693147729142,0.01491169314772914,0.15175928947446202,0.015001789097650715,,,
RRW 40/40/4,RRW,4.386830046613597,0.0005588318530717959,0.04,0.04,0.004,0.004,0.008,1.1829499571312537e-07,1.1829499571312537e-07,5.914749785656269e-06,7.4388435745866835e-06,5.914749785656269e-06,7.4388435745866835e-06,0.014549317124728097,0.014549317124728095,0.1496991118430775,0.015001789097650715,,,
RRW 40/40/5,RRW,5.284421947833746,0.000673174770424681,0.04,0.04,0.005,0.005,0.01,1.3367893090555173e-07,1.3367893090555173e-07,6.683946545277588e-06,8.663117504491209e-06,6.683946545277588e-06,8.663117504491209e-06,0.014091835549696764,0.014091835549696764,0.1471238898038469,0.015001789097650715,,,
RRW 50/50/3,RRW,4.351591901220148,0.0005543429173528852,0.05,0.05,0.003,0.003,0.006,2.0198881038321975e-07,2.0198881038321975e-07,8.079552415328792e-06,9.701691306557608e-06,8.079552415328792e-06,9.701691306557608e-06,0.019088614360492508,0.019088614360492504,0.19227433388230813,0.015001789097650715,,,
RRW 50/50/3.2,RRW,4.616211229832701,0.0005880523859659492,0.05,0.05,0.0032,0.0032,0.0064,2.1226747189072883e-07,2.1226747189072883e-07,8.490698875629155e-06,1.0241639383881927e-05,8.490698875629155e-06,1.0241639383881927e-05,0.018999130050293397,0.018999130050293397,0.191759289474462,0.015001789097650715,,,
RRW 50/50/4,RRW,5.642830046613597,0.0007188318530717959,0.05,0.05,0.004,0.004,0.008,2.497475611191204e-07,2.497475611191204e-07,9.989902444764816e-06,1.2273002839945663e-05,9.989902444764816e-06,1.2273002839945663e-05,0.018639616434661423,0.018639616434661423,0.1896991118430775,0.015001789097650715,,,
RRW 50/50/5,RRW,6.854421947833745,0.000873174770424681,0.05,0.05,0.005,0.005,0.01,2.888061418777475e-07,2.888061418777475e-07,1.15522456751099e-05,1.4528991356614614e-05,1.15522456751099e-05,1.4528991356614614e-05,0.018186646405910122,0.018186646405910122,0.18712388980384692,0.015001789097650715,,,
RRW 50/50/6.3,RRW,8.310420284380855,0.0010586522655262238,0.05,0.05,0.0063,0.0063,0.0126,3.276222435664516e-07,3.276222435664516e-07,1.3104889742658063e-05,1.700612588805886e-05,1.3104889742658063e-05,1.700612588805886e-05,0.0175917896905823,0.0175917896905823,0.1837761011528471,0.015001789097650715,,,
RRW 60/60/3,RRW,5.2935919012201476,0.0006743429173528851,0.06,0.06,0.003,0.003,0.006,3.6214429638261797e-07,3.6214429638261797e-07,1.2071476546087265e-05,1.4333405893322033e-05,1.2071476546087265e-05,1.4333405893322033e-05,0.02317396915592833,0.02317396915592833,0.23227433388230811,0.015001789097650715,,,
RRW 60/60/3.2,RRW,5.6210112298327015,0.0007160523859659492,0.06,0.06,0.0032,0.0032,0.0064,3.8159296204536345e-07,3.8159296204536345e-07,1.2719765401512115e-05,1.5159501313711668e-05,1.2719765401512115e-05,1.5159501313711668e-05,0.02308488843219352,0.023084888432193522,0.231759289474462,0.015001789097650715,,,
RRW 60/60/4,RRW,6.898830046613597,0.0008788318530717959,0.06,0.06,0.004,0.004,0.008,4.5394171917870525e-07,4.5394171917870525e-07,1.5131390639290175e-05,1.8307162105304646e-05,1.5131390639290175e-05,1.8307162105304646e-05,0.022727263873293935,0.022727263873293935,0.2296991118430775,0.015001789097650715,,,
RRW 60/60/5,RRW,8.424421947833745,0.001073174770424681,0.06,0.06,0.005,0.005,0.01,5.325920913711775e-07,5.325920913711775e-07,1.7753069712372584e-05,2.1894865208738023e-05,1.7753069712372584e-05,2.1894865208738023e-05,0.022277278257623278,0.022277278257623278,0.2271238898038469,0.015001789097650715,,,
RRW 60/60/6.3,RRW,10.288620284380858,0.0013106522655262239,0.06,0.06,0.0063,0.0063,0.0126,6.164527890851958e-07,6.164527890851958e-07,2.054842630283986e-05,2.5997487215689985e-05,2.054842630283986e-05,2.5997487215689985e-05,0.021687334084856957,0.021687334084856957,0.2237761011528471,0.015001789097650715,,,
RRW 60/60/8,RRW,12.52332018645439,0.0015953274122871835,0.06,0.06,0.008,0.008,0.016,6.973443673715219e-07,6.973443673715219e-07,2.32448122457174e-05,3.0437474473821625e-05,2.32448122457174e-05,3.0437474473821625e-05,0.020907337734414874,0.02090733773441487,0.21939822368615503,0.015001789097650715,,,
RRW 70/70/3.6,RRW,7.396692337757015,0.0009422538009881549,0.07,0.07,0.0036000000000000003,0.0036000000000000003,0.007200000000000001,6.864846080126641e-07,6.864846080126641e-07,1.9613845943218975e-05,2.3326191582672327e-05,1.9613845943218975e-05,2.3326191582672327e-05,0.02699177549883708,0.02699177549883708,0.2707292006587698,0.015001789097650715,,,
RRW 70/70/4,RRW,8.154830046613597,0.0010388318530717958,0.07,0.07,0.004,0.004,0.008,7.468774698918799e-07,7.468774698918799e-07,2.133935628262514e-05,2.554132137066362e-05,2.133935628262514e-05,2.554132137066362e-05,0.026813410099200966,0.026813410099200966,0.2696991118430775,0.015001789097650715,,,
RRW 70/70/5,RRW,9.994421947833745,0.0012731747704246808,0.07,0.07,0.005,0.005,0.01,8.850367793858412e-07,8.850367793858412e-07,2.5286765125309757e-05,3.076073906086143e-05,2.5286765125309757e-05,3.076073906086143e-05,0.026365538595728533,0.026365538595728533,0.2671238898038469,0.015001789097650715,,,
RRW 70/70/6.3,RRW,12.266820284380858,0.001562652265526224,0.07,0.07,0.0063,0.0063,0.0126,1.0384779478802513e-06,1.0384779478802513e-06,2.9670798510864326e-05,3.68788485433211e-05,2.9670798510864326e-05,3.68788485433211e-05,0.025779083094705307,0.025779083094705307,0.2637761011528471,0.015001789097650715,,,
RRW 70/70/8,RRW,15.035320186454388,0.0019153274122871834,0.07,0.07,0.008,0.008,0.016,1.1975489640835843e-06,1.1975489640835843e-06,3.4215684688102415e-05,4.377411153525754e-05,3.4215684688102415e-05,4.377411153525754e-05,0.02500490031530019,0.02500490031530019,0.259398223686155,0.015001789097650715,,,
RRW 80/80/3.6,RRW,8.527092337757018,0.0010862538009881553,0.08,0.08,0.0036000000000000003,0.0036000000000000003,0.007200000000000001,1.049045908864091e-06,1.049045908864091e-06,2.6226147721602277e-05,3.096786058761311e-05,2.6226147721602277e-05,3.096786058761311e-05,0.031076463671293277,0.031076463671293277,0.3107292006587698,0.015001789097650715,,,
RRW 80/80/4.5,RRW,10.497581777745332,0.0013372715640439913,0.08,0.08,0.0045000000000000005,0.0045000000000000005,0.009000000000000001,1.2583773406384844e-06,1.2583773406384844e-06,3.145943351596211e-05,3.7616387069741914e-05,3.145943351596211e-05,3.7616387069741914e-05,0.03067578179208147,0.03067578179208147,0.30841150082346225,0.015001789097650715,,,
RRW 80/80/5,RRW,11.564421947833743,0.001473174770424681,0.08,0.08,0.005,0.005,0.01,1.3661402059217391e-06,1.3661402059217391e-06,3.415350514804348e-05,4.112661291298483e-05,3.415350514804348e-05,4.112661291298483e-05,0.03045232809156319,0.03045232809156319,0.3071238898038469,0.015001789097650715,,,
RRW 80/80/5.6,RRW,12.818346891362653,0.0016329104320207202,0.08,0.08,0.0056,0.0056,0.0112,1.4876402961905073e-06,1.4876402961905073e-06,3.719100740476268e-05,4.516807195291452e-05,3.719100740476268e-05,4.516807195291452e-05,0.0301833740003348,0.0301833740003348,0.30557875658030853,0.015001789097650715,,,
RRW 80/80/6.3,RRW,14.245020284380846,0.0018146522655262227,0.08,0.08,0.0063,0.0063,0.0126,1.6188977199516171e-06,1.6188977199516171e-06,4.047244299879042e-05,4.96502098709522e-05,4.047244299879042e-05,4.96502098709522e-05,0.029868471475872668,0.029868471475872665,0.3037761011528471,0.015001789097650715,,,
RRW 80/80/7.1,RRW,15.827716415611969,0.0020162696070843275,0.08,0.08,0.0070999999999999995,0.0070999999999999995,0.014199999999999999,1.7555025826930328e-06,1.7555025826930328e-06,4.388756456732583e-05,5.446955983537782e-05,4.388756456732583e-05,5.446955983537782e-05,0.029507093614084535,0.029507093614084535,0.30171592352146265,0.015001789097650715,,,
RRW 80/80/8,RRW,17.54732018645439,0.0022353274122871836,0.08,0.08,0.008,0.008,0.016,1.892719931410006e-06,1.892719931410006e-06,4.7317998285250154e-05,5.951074859669347e-05,4.7317998285250154e-05,5.951074859669347e-05,0.029098634249456194,0.02909863424945619,0.299398223686155,0.015001789097650715,,,
RRW 90/90/3.6,RRW,9.657492337757018,0.0012302538009881553,0.09,0.09,0.0036000000000000003,0.0036000000000000003,0.007200000000000001,1.5209278997649258e-06,1.5209278997649258e-06,3.379839777255392e-05,3.96895295925539e-05,3.379839777255392e-05,3.96895295925539e-05,0.03516065489551035,0.03516065489551036,0.3507292006587698,0.015001789097650715,,,
RRW 90/90/5,RRW,13.134421947833744,0.0016731747704246808,0.09,0.09,0.005,0.005,0.01,1.995902370978871e-06,1.995902370978871e-06,4.4353386021752676e-05,5.299248676510823e-05,4.4353386021752676e-05,5.299248676510823e-05,0.034538143802365306,0.034538143802365306,0.3471238898038469,0.015001789097650715,,,
RRW 90/90/5.6,RRW,14.576746891362653,0.0018569104320207202,0.09,0.09,0.0056,0.0056,0.0112,2.180823883186837e-06,2.180823883186837e-06,4.84627529597075e-05,5.8339024113018106e-05,4.84627529597075e-05,5.8339024113018106e-05,0.03427005641010137,0.03427005641010137,0.34557875658030857,0.015001789097650715,,,
RRW 90/90/6.3,RRW,16.223220284380844,0.0020666522655262225,0.09,0.09,0.0063,0.0063,0.0126,2.3829121052992943e-06,2.3829121052992943e-06,5.295360233998433e-05,6.431157119858331e-05,5.295360233998433e-05,6.431157119858331e-05,0.03395629575037665,0.03395629575037665,0.34377610115284707,0.015001789097650715,,,
RRW 90/90/7.1,RRW,18.057116415611965,0.002300269607084327,0.09,0.09,0.0070999999999999995,0.0070999999999999995,0.014199999999999999,2.5963553278905858e-06,2.5963553278905858e-06,5.7696785064235244e-05,7.079180787079948e-05,5.7696785064235244e-05,7.079180787079948e-05,0.033596396141915646,0.03359639614191565,0.34171592352146263,0.015001789097650715,,,
RRW 90/90/8,RRW,20.05932018645439,0.0025553274122871836,0.09,0.09,0.008,0.008,0.016,2.8148572693507867e-06,2.8148572693507867e-06,6.255238376335082e-05,7.764738565812938e-05,6.255238376335082e-05,7.764738565812938e-05,0.03318982115723177,0.03318982115723177,0.339398223686155,0.015001789097650715,,,
RRW 100/100/4,RRW,11.922830046613596,0.0015188318530717957,0.1,0.1,0.004,0.004,0.008,2.3181342779529426e-06,2.3181342779529426e-06,4.636268555905885e-05,5.444379916674056e-05,4.636268555905885e-05,5.444379916674056e-05,0.03906739432834485,0.03906739432834485,0.3896991118430775,0.015001789097650715,,,
RRW 100/100/5,RRW,14.704421947833744,0.0018731747704246809,0.1,0.1,0.005,0.005,0.01,2.794323274557237e-06,2.794323274557237e-06,5.588646549114475e-05,6.635836061723164e-05,5.588646549114475e-05,6.635836061723164e-05,0.038623281926547216,0.038623281926547216,0.38712388980384693,0.015001789097650715,,,
RRW 100/100/6,RRW,17.406367604880593,0.0022173716694115406,0.1,0.1,0.006,0.006,0.012,3.231820966131516e-06,3.231820966131516e-06,6.463641932263034e-05,7.761353045246086e-05,6.463641932263034e-05,7.761353045246086e-05,0.038177228720985015,0.03817722872098501,0.38454866776461627,0.015001789097650715,,,
RRW 100/100/6.3,RRW,18.201420284380845,0.002318652265526222,0.1,0.1,0.0063,0.0063,0.0126,3.3557211039232815e-06,3.3557211039232815e-06,6.711442207846562e-05,8.086293252621442e-05,6.711442207846562e-05,8.086293252621442e-05,0.038043031684645255,0.038043031684645255,0.38377610115284705,0.015001789097650715,,,
RRW 100/100/8,RRW,22.57132018645439,0.0028753274122871836,0.1,0.1,0.008,0.008,0.016,3.995960977905926e-06,3.995960977905926e-06,7.991921955811853e-05,9.81840227195653e-05,7.991921955811853e-05,9.81840227195653e-05,0.037279232869322845,0.037279232869322845,0.379398223686155,0.015001789097650715,,,
RRW 100/100/10,RRW,27.41768779133498,0.003492699081698724,0.1,0.1,0.01,0.01,0.02,4.62089827004396e-06,4.62089827004396e-06,9.24179654008792e-05,0.00011623193085291692,9.24179654008792e-05,0.00011623193085291692,0.036373292811820244,0.036373292811820244,0.37424777960769384,0.015001789097650715,,,
RRW 110/110/4,RRW,13.178830046613596,0.0016788318530717957,0.11,0.11,0.004,0.004,0.008,3.1260363992804774e-06,3.1260363992804774e-06,5.6837025441463225e-05,6.647795843209953e-05,5.6837025441463225e-05,6.647795843209953e-05,0.04315125339380864,0.043151253393808646,0.4296991118430775,0.015001789097650715,,,
RRW 110/110/5,RRW,16.274421947833744,0.0020731747704246808,0.11,0.11,0.005,0.005,0.01,3.7814029166568384e-06,3.7814029166568384e-06,6.875278030285161e-05,8.122423446935504e-05,6.875278030285161e-05,8.122423446935504e-05,0.04270792977159428,0.04270792977159428,0.4271238898038469,0.015001789097650715,,,
RRW 110/110/6.3,RRW,20.179620284380853,0.002570652265526223,0.11,0.11,0.0063,0.0063,0.0126,4.5625247158235844e-06,4.5625247158235844e-06,8.295499483315607e-05,9.930429385384554e-05,8.295499483315607e-05,9.930429385384554e-05,0.04212898039345289,0.0421289803934529,0.42377610115284703,0.015001789097650715,,,
RRW 110/110/8,RRW,25.083320186454387,0.0031953274122871835,0.11,0.11,0.008,0.008,0.016,5.468031057075427e-06,5.468031057075427e-06,9.941874649228048e-05,0.00012112065978100121,9.941874649228048e-05,0.00012112065978100121,0.04136735980182222,0.04136735980182222,0.419398223686155,0.015001789097650715,,,
RRW 120/120/4.5,RRW,16.149581777745333,0.0020572715640439915,0.12,0.12,0.0045000000000000005,0.0045000000000000005,0.009000000000000001,4.547171449045758e-06,4.547171449045758e-06,7.57861908174293e-05,8.875181835062174e-05,7.57861908174293e-05,8.875181835062174e-05,0.047013745614265696,0.047013745614265696,0.4684115008234622,0.015001789097650715,,,
RRW 120/120/5,RRW,17.844421947833744,0.002273174770424681,0.12,0.12,0.005,0.005,0.01,4.97714129727767e-06,4.97714129727767e-06,8.295235495462783e-05,9.759010832147845e-05,8.295235495462783e-05,9.759010832147845e-05,0.04679221151316829,0.04679221151316829,0.4671238898038469,0.015001789097650715,,,
RRW 120/120/6.3,RRW,22.157820284380836,0.0028226522655262214,0.12,0.12,0.0063,0.0063,0.0126,6.028522941000192e-06,6.028522941000192e-06,0.00010047538235000322,0.00011963565518147659,0.00010047538235000322,0.00011963565518147659,0.04621434153134343,0.04621434153134343,0.46377610115284706,0.015001789097650715,,,
RRW 120/120/8,RRW,27.595320186454387,0.0035153274122871835,0.12,0.12,0.008,0.008,0.016,7.263067506859284e-06,7.263067506859284e-06,0.0001210511251143214,0.00014645729684243717,0.0001210511251143214,0.00014645729684243717,0.04545452774658787,0.04545452774658787,0.459398223686155,0.015001789097650715,,,
RRW 120/120/10,RRW,33.69768779133498,0.004292699081698724,0.12,0.12,0.01,0.01,0.02,8.52147346193884e-06,8.52147346193884e-06,0.00014202455769898067,0.00017515892166990418,0.00014202455769898067,0.00017515892166990418,0.044554556515246556,0.044554556515246556,0.4542477796076938,0.015001789097650715,,,
RRW 120/120/12.5,RRW,40.87763717396091,0.005207342315154256,0.12,0.12,0.0125,0.0125,0.025,9.817500023500376e-06,9.817500023500376e-06,0.00016362500039167292,0.00020680963415921772,0.00016362500039167292,0.00020680963415921772,0.0434202571901503,0.0434202571901503,0.44780972450961726,0.015001789097650715,,,
RRW 140/140/5,RRW,20.984421947833745,0.0026731747704246806,0.14,0.14,0.005,0.005,0.01,8.074594274083039e-06,8.074594274083039e-06,0.00011535134677261487,0.00013482185602572527,0.00011535134677261487,0.00013482185602572527,0.054959994164958864,0.054959994164958864,0.5471238898038469,0.015001789097650715,,,
RRW 140/140/5.6,RRW,23.36874689136263,0.0029769104320207175,0.14,0.14,0.0056,0.0056,0.0112,8.905344642184017e-06,8.905344642184017e-06,0.0001272192091740574,0.000149393784913536,0.0001272192091740574,0.000149393784913536,0.05469435205968279,0.05469435205968279,0.5455787565803085,0.015001789097650715,,,
RRW 140/140/6.3,RRW,26.11422028438084,0.0033266522655262215,0.14,0.14,0.0063,0.0063,0.0126,9.838903231182345e-06,9.838903231182345e-06,0.00014055576044546208,0.0001659683778367389,0.00014055576044546208,0.0001659683778367389,0.05438381142476324,0.054383811424763236,0.5437761011528471,0.015001789097650715,,,
RRW 140/140/7.1,RRW,29.204116415611967,0.003720269607084327,0.14,0.14,0.0070999999999999995,0.0070999999999999995,0.014199999999999999,1.0859591259191596e-05,1.0859591259191596e-05,0.00015513701798845135,0.00018435304804790767,0.00015513701798845135,0.00018435304804790767,0.05402807978390562,0.05402807978390562,0.5417159235214626,0.015001789097650715,,,
RRW 140/140/8,RRW,32.61932018645439,0.004155327412287183,0.14,0.14,0.008,0.008,0.016,1.1950039518270078e-05,1.1950039518270078e-05,0.00017071485026100112,0.00020433057096530896,0.00017071485026100112,0.00020433057096530896,0.05362682019840193,0.05362682019840193,0.539398223686155,0.015001789097650715,,,
RRW 140/140/8.8,RRW,35.600897425609794,0.00453514616886749,0.14,0.14,0.0088,0.0088,0.0176,1.2868963822939488e-05,1.2868963822939488e-05,0.00018384234032770702,0.0002214669267727537,0.00018384234032770702,0.0002214669267727537,0.05326919643137569,0.05326919643137569,0.5373380460547705,0.015001789097650715,,,
RRW 140/140/10,RRW,39.97768779133498,0.005092699081698723,0.14,0.14,0.01,0.01,0.02,1.4160588470173459e-05,1.4160588470173459e-05,0.00020229412100247806,0.00024608591248689144,0.00020229412100247806,0.00024608591248689144,0.05273107719145707,0.05273107719145707,0.5342477796076938,0.015001789097650715,,,
RRW 140/140/12.5,RRW,48.72763717396091,0.006207342315154256,0.14,0.14,0.0125,0.0125,0.025,1.6529635271533488e-05,1.6529635271533488e-05,0.00023613764673619274,0.0002932580573107603,0.00023613764673619274,0.0002932580573107603,0.0516034559016797,0.0516034559016797,0.5278097245096173,0.015001789097650715,,,
RRW 150/150/5,RRW,22.55442194783374,0.0028731747704246807,0.15,0.15,0.005,0.005,0.01,1.001630887026758e-05,1.001630887026758e-05,0.00013355078493690112,0.00015568772987784865,0.00013355078493690112,0.00015568772987784865,0.059043600362733435,0.05904360036273344,0.5871238898038469,0.015001789097650715,,,
RRW 150/150/5.6,RRW,25.12714689136263,0.0032009104320207173,0.15,0.15,0.0056,0.0056,0.0112,1.105876935878656e-05,1.105876935878656e-05,0.00014745025811715412,0.00017264473707363955,0.00014745025811715412,0.00017264473707363955,0.0587782483235524,0.05877824832355239,0.5855787565803084,0.015001789097650715,,,
RRW 150/150/6.3,RRW,28.092420284380836,0.0035786522655262215,0.15,0.15,0.0063,0.0063,0.0126,1.2233685296187891e-05,1.2233685296187891e-05,0.00016311580394917188,0.00019196973916437,0.00016311580394917188,0.00019196973916437,0.05846808934860621,0.05846808934860621,0.5837761011528471,0.015001789097650715,,,
RRW 150/150/8,RRW,35.13132018645439,0.004475327412287183,0.15,0.15,0.008,0.008,0.016,1.4905975079897016e-05,1.4905975079897016e-05,0.0001987463343986269,0.0002368672080267449,0.0001987463343986269,0.0002368672080267449,0.057712221080483815,0.057712221080483815,0.579398223686155,0.015001789097650715,,,
RRW 150/150/10,RRW,43.11768779133498,0.0054926990816987235,0.15,0.15,0.01,0.01,0.02,1.7732098405418172e-05,1.7732098405418172e-05,0.00023642797873890897,0.00028604940789538503,0.00023642797873890897,0.00028604940789538503,0.05681815968323484,0.05681815968323484,0.5742477796076938,0.015001789097650715,,,
RRW 150/150/12.5,RRW,52.65263717396091,0.006707342315154256,0.15,0.15,0.0125,0.0125,0.025,2.0804378569186615e-05,2.0804378569186615e-05,0.0002773917142558216,0.00034210726888653155,0.0002773917142558216,0.00034210726888653155,0.0556931956440582,0.05569319564405819,0.5678097245096172,0.015001789097650715,,,
RRW 150/150/16,RRW,65.16528074581755,0.008301309649148733,0.15,0.15,0.016,0.016,0.032,2.4300218422719996e-05,2.4300218422719996e-05,0.00032400291230293333,0.000410739440527804,0.00032400291230293333,0.000410739440527804,0.05410429989722103,0.05410429989722103,0.55879644737231,0.015001789097650715,,,
RRW 160/160/5,RRW,24.124421947833742,0.0030731747704246808,0.16,0.16,0.005,0.005,0.01,1.224668220497335e-05,1.224668220497335e-05,0.0001530835275621669,0.00017805360372997209,0.0001530835275621669,0.00017805360372997209,0.06312706451338558,0.06312706451338558,0.6271238898038468,0.015001789097650715,,,
RRW 160/160/6.3,RRW,30.070620284380837,0.003830652265526221,0.16,0.16,0.0063,0.0063,0.0126,1.4988461974469744e-05,1.4988461974469744e-05,0.0001873557746808718,0.00021986110049200105,0.0001873557746808718,0.00021986110049200105,0.06255213973328994,0.06255213973328994,0.6237761011528471,0.015001789097650715,,,
RRW 160/160/8,RRW,37.64332018645439,0.004795327412287183,0.16,0.16,0.008,0.008,0.016,1.831287701213831e-05,1.831287701213831e-05,0.0002289109626517289,0.0002718038450881808,0.0002289109626517289,0.0002718038450881808,0.061797251082475545,0.061797251082475545,0.619398223686155,0.015001789097650715,,,
RRW 160/160/10,RRW,46.25768779133497,0.005892699081698724,0.16,0.16,0.01,0.01,0.02,2.1858243294747826e-05,2.1858243294747826e-05,0.00027322804118434785,0.00032901290330387864,0.00027322804118434785,0.00032901290330387864,0.06090465618312638,0.06090465618312638,0.6142477796076938,0.015001789097650715,,,
RRW 160/160/12.5,RRW,56.57763717396091,0.007207342315154256,0.16,0.16,0.0125,0.0125,0.025,2.575823898259745e-05,2.575823898259745e-05,0.00032197798728246816,0.0003947064804623029,0.00032197798728246816,0.0003947064804623029,0.059782009517119226,0.059782009517119226,0.6078097245096172,0.015001789097650715,,,
RRW 160/160/16,RRW,70.18928074581756,0.008941309649148734,0.16,0.16,0.016,0.016,0.032,3.0283518902560095e-05,3.0283518902560095e-05,0.00037854398628200123,0.00047608598877354775,0.00037854398628200123,0.00047608598877354775,0.05819726849891239,0.05819726849891238,0.59879644737231,0.015001789097650715,,,
RRW 180/180/6.3,RRW,34.02702028438084,0.004334652265526221,0.18,0.18,0.0063,0.0063,0.0126,2.1678799170862392e-05,2.1678799170862392e-05,0.00024087554634291548,0.0002813138231472634,0.00024087554634291548,0.0002813138231472634,0.07071971136089591,0.07071971136089591,0.7037761011528471,0.015001789097650715,,,
RRW 180/180/8,RRW,42.66732018645439,0.005435327412287183,0.18,0.18,0.008,0.008,0.016,2.6607579988463975e-05,2.6607579988463975e-05,0.0002956397776495997,0.00034887711921105264,0.0002956397776495997,0.00034887711921105264,0.06996644905742358,0.06996644905742358,0.699398223686155,0.015001789097650715,,,
RRW 180/180/8.8,RRW,46.65369742560979,0.005943146168867489,0.18,0.18,0.0088,0.0088,0.0176,2.879857061472996e-05,2.879857061472996e-05,0.000319984117941444,0.0003794722501501035,0.000319984117941444,0.0003794722501501035,0.06961090186898178,0.06961090186898178,0.6973380460547706,0.015001789097650715,,,
RRW 180/180/10,RRW,52.537687791334974,0.006692699081698723,0.18,0.18,0.01,0.01,0.02,3.193443793566193e-05,3.193443793566193e-05,0.0003548270881740214,0.00042393989412086586,0.0003548270881740214,0.00042393989412086586,0.06907628760473061,0.06907628760473061,0.6942477796076938,0.015001789097650715,,,
RRW 180/180/12.5,RRW,64.42763717396092,0.008207342315154256,0.18,0.18,0.0125,0.0125,0.025,3.7903311156692256e-05,3.7903311156692256e-05,0.00042114790174102514,0.0005111549036138454,0.00042114790174102514,0.0005111549036138454,0.06795748557194103,0.06795748557194105,0.6878097245096172,0.015001789097650715,,,
RRW 180/180/16,RRW,80.23728074581756,0.010221309649148734,0.18,0.18,0.016,0.016,0.032,4.503771630961259e-05,4.503771630961259e-05,0.0005004190701068065,0.0006211790852650351,0.0005004190701068065,0.0006211790852650351,0.06637964231446354,0.06637964231446354,0.67879644737231,0.015001789097650715,,,
RRW 200/200/5,RRW,30.404421947833743,0.0038731747704246807,0.2,0.2,0.005,0.005,0.01,2.4454762929008767e-05,2.4454762929008767e-05,0.00024454762929008767,0.00028251709913846564,0.00024454762929008767,0.00028251709913846564,0.07945993059692011,0.0794599305969201,0.7871238898038468,0.015001789097650715,,,
RRW 200/200/6.3,RRW,37.983420284380834,0.004838652265526221,0.2,0.2,0.0063,0.0063,0.0126,3.0111514820360272e-05,3.0111514820360272e-05,0.0003011151482036028,0.0003503265458025255,0.0003011151482036028,0.0003503265458025255,0.07888675575978932,0.0788867557597893,0.7837761011528471,0.015001789097650715,,,
RRW 200/200/8,RRW,47.691320186454384,0.006075327412287183,0.2,0.2,0.008,0.008,0.016,3.709014844724708e-05,3.709014844724708e-05,0.0003709014844724708,0.0004355503933339245,0.0003709014844724708,0.0004355503933339245,0.0781347886566897,0.0781347886566897,0.779398223686155,0.015001789097650715,,,
RRW 200/200/10,RRW,58.817687791334976,0.0074926990816987235,0.2,0.2,0.01,0.01,0.02,4.4709172392915795e-05,4.4709172392915795e-05,0.000447091723929158,0.0005308668849378531,0.000447091723929158,0.0005308668849378531,0.07724656385309443,0.07724656385309443,0.7742477796076939,0.015001789097650715,,,
RRW 200/200/12.5,RRW,72.27763717396091,0.009207342315154257,0.2,0.2,0.0125,0.0125,0.025,5.3364851793817934e-05,5.3364851793817934e-05,0.0005336485179381794,0.000642603326765388,0.0005336485179381794,0.000642603326765388,0.07613082022890796,0.07613082022890796,0.7678097245096173,0.015001789097650715,,,
RRW 200/200/16,RRW,90.28528074581756,0.011501309649148734,0.2,0.2,0.016,0.016,0.032,6.393537564649482e-05,6.393537564649482e-05,0.0006393537564649482,0.0007854721817565224,0.0006393537564649482,0.0007854721817565224,0.07455846573864569,0.07455846573864569,0.75879644737231,0.015001789097650715,,,
RRW 220/220/6.3,RRW,41.939820284380836,0.0053426522655262215,0.22,0.22,0.0063,0.0063,0.0126,4.048820892296342e-05,4.048820892296342e-05,0.00036807462657239474,0.0004268992684577875,0.00036807462657239474,0.0004268992684577875,0.08705341817098856,0.08705341817098858,0.8637761011528471,0.015001789097650715,,,
RRW 220/220/8,RRW,52.715320186454385,0.006715327412287183,0.22,0.22,0.008,0.008,0.016,5.001658238848764e-05,5.001658238848764e-05,0.0004546962035317058,0.0005318236674567963,0.0004546962035317058,0.0005318236674567963,0.08630250678761728,0.08630250678761729,0.859398223686155,0.015001789097650715,,,
RRW 220/220/10,RRW,65.09768779133498,0.008292699081698723,0.22,0.22,0.01,0.01,0.02,6.0502446666509414e-05,6.0502446666509414e-05,0.0005500222424228129,0.0006497938757548404,0.0005500222424228129,0.0006497938757548404,0.08541585954318856,0.08541585954318856,0.8542477796076938,0.015001789097650715,,,
RRW 220/220/12.5,RRW,80.12763717396092,0.010207342315154256,0.22,0.22,0.0125,0.0125,0.025,7.254286089397447e-05,7.254286089397447e-05,0.000659480553581586,0.0007890517499169307,0.000659480553581586,0.0007890517499169307,0.08430260595299778,0.0843026059529978,0.8478097245096172,0.015001789097650715,,,
RRW 250/250/6.3,RRW,47.87442028438083,0.006098652265526221,0.25,0.25,0.0063,0.0063,0.0126,6.0139209676440417e-05,6.0139209676440417e-05,0.00048111367741152333,0.0005559333524406809,0.00048111367741152333,0.0005559333524406809,0.09930289792744693,0.09930289792744691,0.9837761011528471,0.015001789097650715,,,
RRW 250/250/7.1,RRW,53.72751641561191,0.00684426960708432,0.25,0.25,0.0070999999999999995,0.0070999999999999995,0.014199999999999999,6.701348057922475e-05,6.701348057922475e-05,0.000536107844633798,0.0006216277764375448,0.000536107844633798,0.0006216277764375448,0.09895039521970118,0.09895039521970117,0.9817159235214625,0.015001789097650715,,,
RRW 250/250/8,RRW,60.251320186454386,0.007675327412287184,0.25,0.25,0.008,0.008,0.016,7.45484810799561e-05,7.45484810799561e-05,0.0005963878486396489,0.000694233578641104,0.0005963878486396489,0.000694233578641104,0.09855324856353596,0.09855324856353595,0.979398223686155,0.015001789097650715,,,
RRW 250/250/10,RRW,74.51768779133498,0.009492699081698723,0.25,0.25,0.01,0.01,0.02,9.055212023253677e-05,9.055212023253677e-05,0.0007244169618602943,0.0008506843619803212,0.0007244169618602943,0.0008506843619803212,0.0976684858208621,0.0976684858208621,0.9742477796076938,0.015001789097650715,,,
RRW 250/250/12.5,RRW,91.90263717396091,0.011707342315154258,0.25,0.25,0.0125,0.0125,0.025,0.00010915325291239207,0.00010915325291239207,0.0008732260232991366,0.0010368493846442445,0.0008732260232991366,0.0010368493846442445,0.09655820481636802,0.09655820481636802,0.9678097245096172,0.015001789097650715,,,
RRW 250/250/16,RRW,115.40528074581755,0.014701309649148734,0.25,0.25,0.016,0.016,0.032,0.00013266716993170553,0.00013266716993170553,0.0010613373594536442,0.0012802049229852406,0.0010613373594536442,0.0012802049229852406,0.09499565025146699,0.09499565025146697,0.9587964473723101,0.015001789097650715,,,
RRW 260/260/7.1,RRW,55.95691641561191,0.00712826960708432,0.26,0.26,0.0070999999999999995,0.0070999999999999995,0.014199999999999999,7.567316849044399e-05,7.567316849044399e-05,0.0005821012960803383,0.0006741600244729669,0.0005821012960803383,0.0006741600244729669,0.10303360622944148,0.10303360622944147,1.0217159235214626,0.015001789097650715,,,
RRW 260/260/8.8,RRW,68.75929742560979,0.00875914616886749,0.26,0.26,0.0088,0.0088,0.0176,9.163711100359285e-05,9.163711100359285e-05,0.0007049008538737912,0.0008222028969048033,0.0007049008538737912,0.0008222028969048033,0.10228331795761855,0.10228331795761854,1.0173380460547705,0.015001789097650715,,,
RRW 260/260/11,RRW,84.98540222751532,0.010826165888855455,0.26,0.26,0.011,0.011,0.022,0.00011111494527676812,0.00011111494527676812,0.0008547303482828317,0.0010062671416293917,0.0008547303482828317,0.0010062671416293917,0.10130920319719697,0.10130920319719697,1.011672557568463,0.015001789097650715,,,
RRW 260/260/14.2,RRW,107.89886566244786,0.013745078428337307,0.26,0.26,0.014199999999999999,0.014199999999999999,0.028399999999999998,0.00013713729779556735,0.00013713729779556735,0.0010549022907351338,0.0012590464000998881,0.0010549022907351338,0.0012590464000998881,0.09988589900118124,0.09988589900118122,1.0034318470429253,0.015001789097650715,,,
RRW 300/300/6.3,RRW,57.76542028438101,0.007358652265526243,0.3,0.3,0.0063,0.0063,0.0126,0.00010546676986442859,0.00010546676986442859,0.0007031117990961908,0.0008087901590788382,0.0007031117990961908,0.0008087901590788382,0.11971778752594751,0.11971778752594751,1.1837761011528471,0.015001789097650715,,,
RRW 300/300/8,RRW,72.8113201864544,0.009275327412287183,0.3,0.3,0.008,0.008,0.016,0.00013128097297802414,0.00013128097297802414,0.000875206486520161,0.0010129167639482837,0.000875206486520161,0.0010129167639482837,0.11896967329960229,0.11896967329960229,1.179398223686155,0.015001789097650715,,,
RRW 300/300/10,RRW,90.21768779133497,0.011492699081698723,0.3,0.3,0.01,0.01,0.02,0.0001602609419242813,0.0001602609419242813,0.001068406279495209,0.0012455018390227892,0.001068406279495209,0.0012455018390227892,0.11808720072546687,0.11808720072546688,1.1742477796076938,0.015001789097650715,,,
RRW 300/300/12.5,RRW,111.52763717396091,0.014207342315154256,0.3,0.3,0.0125,0.0125,0.025,0.0001944195819249091,0.0001944195819249091,0.0012961305461660609,0.001524845442523101,0.0012961305461660609,0.001524845442523101,0.11698052878292074,0.11698052878292076,1.1678097245096173,0.015001789097650715,,,
RRW 300/300/16,RRW,140.52528074581755,0.017901309649148732,0.3,0.3,0.016,0.016,0.032,0.00023849560127835225,0.00023849560127835225,0.0015899706751890152,0.0018949376642139592,0.0015899706751890152,0.0018949376642139592,0.11542444216096763,0.11542444216096763,1.15879644737231,0.015001789097650715,,,
RRW 350/350/8,RRW,85.3713201864544,0.010875327412287184,0.35000000000000003,0.35000000000000003,0.008,0.008,0.016,0.00021128762414145103,0.00021128762414145103,0.0012073578522368632,0.0013915999492554634,0.0012073578522368632,0.0013915999492554634,0.1393849422505983,0.13938494225059828,1.379398223686155,0.015001789097650715,,,
RRW 350/350/10,RRW,105.91768779133497,0.013492699081698723,0.35000000000000003,0.35000000000000003,0.01,0.01,0.02,0.000258835637468149,0.000258835637468149,0.00147906078553228,0.0017153193160652576,0.00147906078553228,0.0017153193160652576,0.13850409642097394,0.13850409642097394,1.3742477796076937,0.015001789097650715,,,
RRW 350/350/12.5,RRW,131.1526371739609,0.016707342315154253,0.35000000000000003,0.35000000000000003,0.0125,0.0125,0.025,0.00031541383883136863,0.00031541383883136863,0.0018023647933221067,0.002106591500401957,0.0018023647933221067,0.002106591500401957,0.13739998541239715,0.13739998541239715,1.3678097245096175,0.015001789097650715,,,
RRW 350/350/16,RRW,165.64528074581756,0.021101309649148733,0.35000000000000003,0.35000000000000003,0.016,0.016,0.032,0.00038942066968643475,0.00038942066968643475,0.00222526096963677,0.0026296704054426774,0.00222526096963677,0.0026296704054426774,0.13584848340553965,0.13584848340553962,1.35879644737231,0.015001789097650715,,,
RRW 400/400/10,RRW,121.61768779133497,0.015492699081698723,0.4,0.4,0.01,0.01,0.02,0.00039127620686414026,0.00039127620686414026,0.0019563810343207013,0.002260136793107725,0.0019563810343207013,0.002260136793107725,0.15891986119384022,0.1589198611938402,1.5742477796076937,0.015001789097650715,,,
RRW 400/400/12.5,RRW,150.7776371739609,0.019207342315154256,0.4,0.4,0.0125,0.0125,0.025,0.00047838602363177126,0.00047838602363177126,0.0023919301181588564,0.0027820875582808143,0.0023919301181588564,0.0027820875582808143,0.15781766128346392,0.1578176612834639,1.5678097245096174,0.015001789097650715,,,
RRW 400/400/16,RRW,190.76528074581753,0.02430130964914873,0.4,0.4,0.016,0.016,0.032,0.0005934423751559533,0.0005934423751559533,0.0029672118757797664,0.003484403146671396,0.0029672118757797664,0.003484403146671396,0.1562695773133794,0.1562695773133794,1.55879644737231,0.015001789097650715,,,
